Workbook

Sheet ReadMe
A1: Storage Cost Model Workbook
A3: Purpose: pre-built calculators for Session 1 (tiering demonstration) and Session 6 (FinOps). Every calculator reads the Assumptions sheet.
A4: How to use: change yellow cells only. Replace the Assumptions prices with current values from the Azure pricing page before using any figure with a stakeholder.
A5: Sheets: Scenarios (portfolio strategies), EarlyDeletion, Rehydration, BackupRetention, EgressAndCopies, ReservedCapacity.
A7: Data dictionary
A8: Sheet | B8: Column | C8: Type | D8: Description
A9: Assumptions | B9: Value | C9: Input | D9: Illustrative unit prices and policy constants
A10: Scenarios | B10: Rows 5 to 8 | C10: Input + Formula | D10: Capacity per tier per scenario; monthly and annual cost; saving versus Scenario A; one-time tier-change cost and payback
A11: EarlyDeletion | B11: B4 to B10 | C11: Input + Formula | D11: Prorated early deletion charge
A12: Rehydration | B12: B4 to B12 | C12: Input + Formula | D12: Retrieval, operation, and landing-tier cost of a rehydration event
A13: BackupRetention | B13: B4 to B18 | C13: Input + Formula | D13: Vaulted backup storage and instance fees from retention settings
A14: EgressAndCopies | B14: B4 to B17 | C14: Input + Formula | D14: Egress cost and GRS versus object replication comparison
A15: ReservedCapacity | B15: Rows 5 to 8 | C15: Input + Formula | D15: Reservation units and savings per eligible tier
A17: Legend
A18: Blue text on yellow fill | B18: Editable assumption or input. Change these to re-model.
A19: Black text | B19: Formula. Do not overwrite.
A20: All data is synthetic | B20: Names, identifiers, and figures are fabricated for training and modeled loosely on a large public research university. No real University of Minnesota data is used.

Sheet Assumptions
A1: Assumptions (illustrative, replace with current pricing page values)
A2: Every number on this sheet is an input. Yellow cells are safe to change. Figures are sample values entered by the course author in October 2026 for teaching, not Microsoft price quotes.
A4: Item | B4: Value | C4: Unit | D4: Note
A5: Hot storage | B5: 0.0184 | C5: USD per GB-month | D5: Flat namespace, LRS, first band
A6: Cool storage | B6: 0.01 | C6: USD per GB-month | D6: Minimum 30 days
A7: Cold storage | B7: 0.0045 | C7: USD per GB-month | D7: Minimum 90 days
A8: Archive storage | B8: 0.002 | C8: USD per GB-month | D8: Minimum 180 days, offline
A9: ZRS multiplier | B9: 1.25 | C9: x LRS price | D9: Approximate uplift for zone redundancy
A10: GRS multiplier | B10: 2 | C10: x LRS price | D10: Approximate uplift for geo redundancy
A11: GZRS multiplier | B11: 2.5 | C11: x LRS price | D11: Approximate uplift for geo-zone redundancy
A12: Hot write operations | B12: 0.065 | C12: USD per 10,000 | D12: Put and list
A13: Hot read operations | B13: 0.005 | C13: USD per 10,000 | D13: Get
A14: Cool write operations | B14: 0.13 | C14: USD per 10,000
A15: Cool read operations | B15: 0.013 | C15: USD per 10,000
A16: Cold write operations | B16: 0.234 | C16: USD per 10,000
A17: Cold read operations | B17: 0.13 | C17: USD per 10,000
A18: Archive write operations | B18: 0.13 | C18: USD per 10,000
A19: Archive read (rehydrate) operations | B19: 6.5 | C19: USD per 10,000 | D19: Standard priority
A20: Cool data retrieval | B20: 0.01 | C20: USD per GB
A21: Cold data retrieval | B21: 0.03 | C21: USD per GB
A22: Archive data retrieval, standard priority | B22: 0.02 | C22: USD per GB
A23: Archive data retrieval, high priority | B23: 0.1 | C23: USD per GB | D23: Plus higher per-operation charge
A24: Internet egress | B24: 0.087 | C24: USD per GB | D24: After the monthly free allowance
A25: Cool minimum retention | B25: 30 | C25: days | D25: Early deletion prorated
A26: Cold minimum retention | B26: 90 | C26: days | D26: Early deletion prorated
A27: Archive minimum retention | B27: 180 | C27: days | D27: Early deletion prorated
A28: Reserved capacity discount, 1 year | B28: 0.34 | C28: fraction | D28: Illustrative; applies to capacity only
A29: Reserved capacity discount, 3 year | B29: 0.38 | C29: fraction | D29: Illustrative; applies to capacity only
A30: Backup vault storage (vaulted blob, LRS) | B30: 0.0224 | C30: USD per GB-month | D30: Illustrative vault store price
A31: Backup vault storage (vaulted blob, GRS) | B31: 0.0448 | C31: USD per GB-month | D31: Illustrative vault store price
A32: Backup protected instance fee (blob vaulted, per 1 TB) | B32: 5 | C32: USD per month | D32: Illustrative

Sheet Scenarios
A1: Portfolio scenarios: a 3 PB research portfolio under four tiering strategies
A2: Enter capacity in TB per tier for each scenario (yellow). Costs are monthly and annual, LRS unless the redundancy multiplier is set.
A4: Scenario | B4: Hot TB | C4: Cool TB | D4: Cold TB | E4: Archive TB | F4: Total TB | G4: Redundancy multiplier | H4: Monthly capacity cost (USD) | I4: Annual capacity cost (USD) | J4: Saving versus Scenario A | K4: Saving %
A5: A. Everything Hot (lift and shift) | B5: 3072 | C5: 0 | D5: 0 | E5: 0 | F5: =SUM(B5:E5) -> 3072 | G5: 1 | H5: =(B5*Assumptions!$B$5+C5*Assumptions!$B$6+D5*Assumptions!$B$7+E5*Assumptions!$B$8)*1024*G5 -> 57881.395 | I5: =H5*12 -> 694576.74 | J5: =$I$5-I5 -> 0 | K5: =IF($I$5=0,0,J5/$I$5) -> 0
A6: B. Lifecycle tiering by access | B6: 420 | C6: 610 | D6: 940 | E6: 1102 | F6: =SUM(B6:E6) -> 3072 | G6: 1 | H6: =(B6*Assumptions!$B$5+C6*Assumptions!$B$6+D6*Assumptions!$B$7+E6*Assumptions!$B$8)*1024*G6 -> 20748.288 | I6: =H6*12 -> 248979.46 | J6: =$I$5-I6 -> 445597.29 | K6: =IF($I$5=0,0,J6/$I$5) -> 0.64153787
A7: C. Tiering plus Archive for century data | B7: 380 | C7: 520 | D7: 700 | E7: 1472 | F7: =SUM(B7:E7) -> 3072 | G7: 1 | H7: =(B7*Assumptions!$B$5+C7*Assumptions!$B$6+D7*Assumptions!$B$7+E7*Assumptions!$B$8)*1024*G7 -> 18724.864 | I7: =H7*12 -> 224698.37 | J7: =$I$5-I7 -> 469878.37 | K7: =IF($I$5=0,0,J7/$I$5) -> 0.67649598
A8: D. Scenario C on ZRS for active tiers | B8: 380 | C8: 520 | D8: 700 | E8: 1472 | F8: =SUM(B8:E8) -> 3072 | G8: =Assumptions!$B$9 -> 1.25 | H8: =(B8*Assumptions!$B$5+C8*Assumptions!$B$6+D8*Assumptions!$B$7+E8*Assumptions!$B$8)*1024*G8 -> 23406.08 | I8: =H8*12 -> 280872.96 | J8: =$I$5-I8 -> 413703.78 | K8: =IF($I$5=0,0,J8/$I$5) -> 0.59561998
A11: Scenario D keeps the Archive tier on LRS in practice; the multiplier is applied to the whole row here for simplicity. Refine per tier if needed.
A13: Tier-change transaction cost (one-time, when the lifecycle policy first runs)
A14: Objects moved to Cool | B14: 8000000 | C14: =B14/10000*Assumptions!$B$14 -> 104
A15: Objects moved to Cold | B15: 18000000 | C15: =B15/10000*Assumptions!$B$16 -> 421.2
A16: Objects moved to Archive | B16: 32000000 | C16: =B16/10000*Assumptions!$B$18 -> 416
A17: Total one-time tier-change cost | C17: =SUM(C14:C16) -> 941.2
A18: Payback period in months (Scenario B saving) | C18: =IF(J6=0,0,C17/(J6/12)) -> 0.025346653

Sheet EarlyDeletion
A1: Early deletion calculator
A2: Charge for deleting, overwriting, or moving a blob out of Cool, Cold, or Archive before the minimum retention period.
A4: Tier (Cool, Cold, or Archive) | B4: Archive
A5: Capacity moved early (GB) | B5: 50000
A6: Days the data spent in the tier | B6: 45
A7: Minimum retention for the tier (days) | B7: =IF(B4="Cool",Assumptions!$B$25,IF(B4="Cold",Assumptions!$B$26,Assumptions!$B$27)) -> 180
A8: Tier price per GB-month | B8: =IF(B4="Cool",Assumptions!$B$6,IF(B4="Cold",Assumptions!$B$7,Assumptions!$B$8)) -> 0.002
A9: Remaining days charged | B9: =MAX(0,B7-B6) -> 135
A10: Early deletion charge (USD) | B10: =B5*B8*B9/30 -> 450
A12: Formula: capacity x tier price x (minimum days minus days stored) / 30. Microsoft prorates the remainder of the minimum period.

Sheet Rehydration
A1: Archive rehydration calculator
A4: Capacity to rehydrate (GB) | B4: 20000
A5: Object count | B5: 150000
A6: Priority (Standard or High) | B6: Standard
A7: Retrieval charge (USD) | B7: =B4*IF(B6="High",Assumptions!$B$23,Assumptions!$B$22) -> 400
A8: Operation charge (USD) | B8: =B5/10000*Assumptions!$B$19*IF(B6="High",10,1) -> 97.5
A9: Destination tier for 30 days (Hot) storage (USD) | B9: =B4*Assumptions!$B$5 -> 368
A10: Total rehydration event cost (USD) | B10: =SUM(B7:B9) -> 865.5
A12: Expected time to first byte | B12: =IF(B6="High","Under 1 hour for objects under 10 GB (not guaranteed)","Up to 15 hours") -> Up to 15 hours
A14: High priority operation charge is modeled as ten times standard; confirm the current multiplier on the pricing page. Bundling small files before archiving reduces the operation charge.

Sheet BackupRetention
A1: Backup retention cost calculator (vaulted blob backup)
A4: Protected capacity (TB) | B4: 250
A5: Daily change rate | B5: 0.003
A6: Daily recovery points retained | B6: 30
A7: Weekly recovery points retained | B7: 12
A8: Monthly recovery points retained | B8: 12
A9: Yearly recovery points retained | B9: 7
A10: Vault redundancy (LRS or GRS) | B10: GRS
A12: Full copy in vault (GB) | B12: =B4*1024 -> 256000
A13: Incremental data retained (GB) | B13: =B12*(B6*MIN(1,B5)+B7*MIN(1,B5*7)+B8*MIN(1,B5*30)+B9*MIN(1,B5*365)) -> 2156032
A14: Total vault storage (GB) | B14: =B12+B13 -> 2412032
A15: Vault storage cost per month (USD) | B15: =B14*IF(B10="GRS",Assumptions!$B$31,Assumptions!$B$30) -> 108059.03
A16: Protected instance fee per month (USD) | B16: =B4*Assumptions!$B$32 -> 1250
A17: Total backup cost per month (USD) | B17: =B15+B16 -> 109309.03
A18: Annual (USD) | B18: =B17*12 -> 1311708.4
A20: Model: each retained recovery point stores the data changed since the previous point of its cadence, capped at one full copy (change rate x days between points, capped at 100%). Yearly points therefore approach full copies, which is the lesson: retention length and redundancy are the two biggest levers. Replace the change rate with measured values.

Sheet EgressAndCopies
A1: Egress and second-copy calculator
A4: Capacity copied out of Azure per month (GB) | B4: 120000
A5: Internet egress charge (USD) | B5: =B4*Assumptions!$B$24 -> 10440
A7: Second copy held in another Azure region (GB) | B7: 1500000
A8: Second copy tier (Hot, Cool, Cold, Archive) | B8: Archive
A9: Second copy monthly storage (USD) | B9: =B7*IF(B8="Hot",Assumptions!$B$5,IF(B8="Cool",Assumptions!$B$6,IF(B8="Cold",Assumptions!$B$7,Assumptions!$B$8))) -> 3000
A11: Geo-redundant alternative: same capacity on GRS instead of LRS plus object replication
A12: Primary capacity (GB) | B12: 1500000
A13: Primary tier | B13: Cold
A14: LRS monthly cost (USD) | B14: =B12*IF(B13="Hot",Assumptions!$B$5,IF(B13="Cool",Assumptions!$B$6,IF(B13="Cold",Assumptions!$B$7,Assumptions!$B$8))) -> 6750
A15: GRS monthly cost (USD) | B15: =B14*Assumptions!$B$10 -> 13500
A16: Object replication to Archive in second region (USD) | B16: =B14+B12*Assumptions!$B$8 -> 9750
A17: Cheaper option | B17: =IF(B15<B16,"GRS","Object replication to Archive") -> Object replication to Archive
A19: Object replication lets the second copy live in a colder tier than the primary, which is why it often wins for research archives. Replicate while blobs are online; object replication cannot read archived blobs.

Sheet ReservedCapacity
A1: Reserved capacity planner
A2: Reservations are bound to one region, one tier, and one redundancy, purchased in 100 TiB or 1 PiB units for one or three years. Capacity only; transactions, retrieval, egress, and early deletion are not covered.
A4: Tier | B4: Steady-state capacity (TB) | C4: Units of 100 TiB to reserve | D4: Reserved capacity (TB) | E4: Monthly pay-as-you-go (USD) | F4: Monthly with 3-year reservation (USD) | G4: Monthly saving (USD)
A5: Hot | B5: 380 | C5: =INT(B5/100) -> 3 | D5: =C5*100 -> 300 | E5: =B5*1024*Assumptions!$B$5 -> 7159.808 | F5: =D5*1024*Assumptions!$B$5*(1-Assumptions!$B$29)+(B5-D5)*1024*Assumptions!$B$5 -> 5011.8656 | G5: =E5-F5 -> 2147.9424
A6: Cool | B6: 520 | C6: =INT(B6/100) -> 5 | D6: =C6*100 -> 500 | E6: =B6*1024*Assumptions!$B$6 -> 5324.8 | F6: =D6*1024*Assumptions!$B$6*(1-Assumptions!$B$29)+(B6-D6)*1024*Assumptions!$B$6 -> 3379.2 | G6: =E6-F6 -> 1945.6
A7: Archive | B7: 1472 | C7: =INT(B7/100) -> 14 | D7: =C7*100 -> 1400 | E7: =B7*1024*Assumptions!$B$8 -> 3014.656 | F7: =D7*1024*Assumptions!$B$8*(1-Assumptions!$B$29)+(B7-D7)*1024*Assumptions!$B$8 -> 1925.12 | G7: =E7-F7 -> 1089.536
A8: Total | E8: =SUM(E5:E7) -> 15499.264 | F8: =SUM(F5:F7) -> 10316.186 | G8: =SUM(G5:G7) -> 5183.0784
A10: Cold tier, smart tier, and premium accounts are not eligible for reserved capacity, so the Cold capacity from the Scenarios sheet is intentionally excluded here.
